cyclomatic_complexity	apps/mobile/Monaco/Features/Groups/GroupDetailView.swift	1
cyclomatic_complexity	apps/mobile/Monaco/Features/Groups/TransactionDetailView.swift	1
cyclomatic_complexity	packages/mobile-core/Sources/MonacoCore/GroupChatDTO.swift	1
force_unwrapping	apps/mobile/Monaco/API/MonacoAPIClient.swift	6
force_unwrapping	apps/mobile/Monaco/Design/MonacoAvatar.swift	1
force_unwrapping	apps/mobile/Monaco/Design/MonacoSparkline.swift	3
force_unwrapping	apps/mobile/Monaco/Design/PixelAnimal.swift	1
force_unwrapping	apps/mobile/MonacoTests/CabalScreenRedesignTests.swift	1
force_unwrapping	apps/mobile/MonacoTests/DesignPrimitivesTests.swift	4
force_unwrapping	apps/mobile/MonacoTests/MonacoRemoteImageStoreTests.swift	1
force_unwrapping	apps/mobile/MonacoTests/ProposeRedesignTests.swift	3
force_unwrapping	packages/mobile-core/Sources/MonacoAPI/MonacoClient.swift	2
force_unwrapping	packages/mobile-core/Sources/MonacoCore/MonacoAPIClient.swift	9
force_unwrapping	packages/mobile-core/Tests/MonacoAPITests/FakeStreamTransport.swift	1
force_unwrapping	packages/mobile-core/Tests/MonacoAPITests/Fixtures.swift	1
force_unwrapping	packages/mobile-core/Tests/MonacoCoreTests/APITelemetryTests.swift	4
force_unwrapping	packages/mobile-core/Tests/MonacoCoreTests/AssetChartSeriesTests.swift	4
force_unwrapping	packages/mobile-core/Tests/MonacoCoreTests/AssetDetailCardsTests.swift	1
force_unwrapping	packages/mobile-core/Tests/MonacoCoreTests/DevBuyAPITests.swift	2
force_unwrapping	packages/mobile-core/Tests/MonacoCoreTests/DisplayFormatterTests.swift	7
force_unwrapping	packages/mobile-core/Tests/MonacoCoreTests/FormatterHotPathTests.swift	3
force_unwrapping	packages/mobile-core/Tests/MonacoCoreTests/GroupChatTests.swift	14
force_unwrapping	packages/mobile-core/Tests/MonacoCoreTests/GroupsTabAPITests.swift	19
force_unwrapping	packages/mobile-core/Tests/MonacoCoreTests/GroupsTabDTOTests.swift	1
force_unwrapping	packages/mobile-core/Tests/MonacoCoreTests/IdempotentSubmissionTransportTests.swift	5
force_unwrapping	packages/mobile-core/Tests/MonacoCoreTests/MarketAssetAPITests.swift	2
force_unwrapping	packages/mobile-core/Tests/MonacoCoreTests/MarketRowBasisTests.swift	3
force_unwrapping	packages/mobile-core/Tests/MonacoCoreTests/MarketSessionCopyTests.swift	2
force_unwrapping	packages/mobile-core/Tests/MonacoCoreTests/MonacoAPIClientTests.swift	20
force_unwrapping	packages/mobile-core/Tests/MonacoCoreTests/MonacoHTTPTransportTests.swift	2
force_unwrapping	packages/mobile-core/Tests/MonacoCoreTests/MoneyFlowCopyTests.swift	2
force_unwrapping	packages/mobile-core/Tests/MonacoCoreTests/ProfileTests.swift	5
force_unwrapping	packages/mobile-core/Tests/MonacoCoreTests/ProposalCommentsAPITests.swift	2
force_unwrapping	packages/mobile-core/Tests/MonacoCoreTests/ProposalFeedFormatterTests.swift	1
force_unwrapping	packages/mobile-core/Tests/MonacoCoreTests/ProposalsAPITests.swift	8
force_unwrapping	packages/mobile-core/Tests/MonacoCoreTests/RedeemTests.swift	4
force_unwrapping	packages/mobile-core/Tests/MonacoCoreTests/SharedFormattersTests.swift	3
force_unwrapping	packages/mobile-core/Tests/MonacoCoreTests/TokenQuantityFormatterTests.swift	3
force_unwrapping	packages/mobile-core/Tests/MonacoCoreTests/WithdrawToBalanceTests.swift	4
function_body_length	apps/mobile/Monaco/Features/Debug/HomeSampleHarness.swift	1
function_body_length	apps/mobile/Monaco/Features/Debug/SampleProposalFeedService.swift	1
function_body_length	apps/mobile/Monaco/Features/Groups/TransactionDetailView.swift	1
function_body_length	apps/mobile/MonacoUITests/MonacoUITests.swift	1
implicitly_unwrapped_optional	apps/mobile/MonacoUITests/ProposalFeedSampleUITests.swift	3
implicitly_unwrapped_optional	packages/mobile-core/Tests/MonacoCoreTests/DiagnosticPayloadStoreTests.swift	1
nesting	apps/mobile/Monaco/Features/Assets/AssetDetailModel.swift	1
nesting	packages/mobile-core/Sources/MonacoCore/MonacoAPIClient.swift	2
no_comments	apps/mobile/Monaco/API/DTOs/GroupViewDTO.swift	10
no_comments	apps/mobile/Monaco/API/DTOs/HomeDashboardDTO.swift	1
no_comments	apps/mobile/Monaco/API/DTOs/HomeViewDTO.swift	1
no_comments	apps/mobile/Monaco/API/DTOs/MarketAssetDTO.swift	10
no_comments	apps/mobile/Monaco/API/MonacoAPIClient.swift	15
no_comments	apps/mobile/Monaco/API/MoneyFlowErrorInput.swift	12
no_comments	apps/mobile/Monaco/Config.swift	4
no_comments	apps/mobile/Monaco/Design/AssetDisplayName.swift	1
no_comments	apps/mobile/Monaco/Design/MonacoAmountEntry.swift	76
no_comments	apps/mobile/Monaco/Design/MonacoAppearance.swift	24
no_comments	apps/mobile/Monaco/Design/MonacoAvatar.swift	8
no_comments	apps/mobile/Monaco/Design/MonacoBoardRow.swift	16
no_comments	apps/mobile/Monaco/Design/MonacoButtons.swift	33
no_comments	apps/mobile/Monaco/Design/MonacoFeedback.swift	14
no_comments	apps/mobile/Monaco/Design/MonacoKeyboardReveal.swift	9
no_comments	apps/mobile/Monaco/Design/MonacoList.swift	53
no_comments	apps/mobile/Monaco/Design/MonacoMarks.swift	77
no_comments	apps/mobile/Monaco/Design/MonacoMoney.swift	32
no_comments	apps/mobile/Monaco/Design/MonacoPreviewGallery.swift	8
no_comments	apps/mobile/Monaco/Design/MonacoPriceTick.swift	36
no_comments	apps/mobile/Monaco/Design/MonacoPrimitives.swift	9
no_comments	apps/mobile/Monaco/Design/MonacoRemoteImageStore.swift	21
no_comments	apps/mobile/Monaco/Design/MonacoScrubChart.swift	111
no_comments	apps/mobile/Monaco/Design/MonacoSegmented.swift	3
no_comments	apps/mobile/Monaco/Design/MonacoSparkline.swift	23
no_comments	apps/mobile/Monaco/Design/MonacoStockRow.swift	102
no_comments	apps/mobile/Monaco/Design/MonacoTextField.swift	20
no_comments	apps/mobile/Monaco/Design/MonacoTheme.swift	227
no_comments	apps/mobile/Monaco/Design/MonacoToastBanner.swift	60
no_comments	apps/mobile/Monaco/Design/MonacoWalletAddressText.swift	6
no_comments	apps/mobile/Monaco/Design/PixelAnimal.swift	10
no_comments	apps/mobile/Monaco/Features/Assets/AssetActivityCard.swift	15
no_comments	apps/mobile/Monaco/Features/Assets/AssetChartCard.swift	67
no_comments	apps/mobile/Monaco/Features/Assets/AssetDetailCard.swift	40
no_comments	apps/mobile/Monaco/Features/Assets/AssetDetailHero.swift	41
no_comments	apps/mobile/Monaco/Features/Assets/AssetDetailModel.swift	112
no_comments	apps/mobile/Monaco/Features/Assets/AssetDetailRoute.swift	14
no_comments	apps/mobile/Monaco/Features/Assets/AssetDetailView.swift	87
no_comments	apps/mobile/Monaco/Features/Assets/AssetPositionCard.swift	103
no_comments	apps/mobile/Monaco/Features/Assets/AssetSocialModel.swift	38
no_comments	apps/mobile/Monaco/Features/Assets/AssetTradeBar.swift	32
no_comments	apps/mobile/Monaco/Features/Assets/AssetsTabView.swift	48
no_comments	apps/mobile/Monaco/Features/Assets/CabalHoldingsModel.swift	23
no_comments	apps/mobile/Monaco/Features/Assets/GroupPickerForProposalView.swift	26
no_comments	apps/mobile/Monaco/Features/Assets/MarketSessionChip.swift	20
no_comments	apps/mobile/Monaco/Features/Assets/PreIpoDetailSection.swift	8
no_comments	apps/mobile/Monaco/Features/Assets/StocksTabModel.swift	59
no_comments	apps/mobile/Monaco/Features/Auth/AuthGateView.swift	12
no_comments	apps/mobile/Monaco/Features/Auth/AuthTheme.swift	3
no_comments	apps/mobile/Monaco/Features/Auth/E164PhoneNumber.swift	33
no_comments	apps/mobile/Monaco/Features/Auth/EmailLoginView.swift	3
no_comments	apps/mobile/Monaco/Features/Auth/LaunchScreenView.swift	5
no_comments	apps/mobile/Monaco/Features/Auth/LoginView.swift	16
no_comments	apps/mobile/Monaco/Features/Auth/MonacoMark.swift	8
no_comments	apps/mobile/Monaco/Features/Auth/MonacoSessionStore.swift	1
no_comments	apps/mobile/Monaco/Features/Auth/OTPLoginForm.swift	48
no_comments	apps/mobile/Monaco/Features/Auth/PendingRevoke.swift	25
no_comments	apps/mobile/Monaco/Features/Auth/PrivyAuthService.swift	79
no_comments	apps/mobile/Monaco/Features/Auth/SMSLoginView.swift	7
no_comments	apps/mobile/Monaco/Features/Auth/SessionGateView.swift	25
no_comments	apps/mobile/Monaco/Features/Auth/SessionTokenLedger.swift	16
no_comments	apps/mobile/Monaco/Features/Debug/AssetDetailSampleHarness.swift	92
no_comments	apps/mobile/Monaco/Features/Debug/CabalsTabSampleData.swift	21
no_comments	apps/mobile/Monaco/Features/Debug/ChatSampleQA.swift	45
no_comments	apps/mobile/Monaco/Features/Debug/DevBuyView.swift	2
no_comments	apps/mobile/Monaco/Features/Debug/GroupDetailSampleHarness.swift	30
no_comments	apps/mobile/Monaco/Features/Debug/GroupNavSampleHarness.swift	56
no_comments	apps/mobile/Monaco/Features/Debug/HomeSampleHarness.swift	7
no_comments	apps/mobile/Monaco/Features/Debug/MoneyFlowSampleHarness.swift	15
no_comments	apps/mobile/Monaco/Features/Debug/ProfileSampleHarness.swift	17
no_comments	apps/mobile/Monaco/Features/Debug/SampleProposalFeedService.swift	75
no_comments	apps/mobile/Monaco/Features/Debug/StocksTabSampleHarness.swift	28
no_comments	apps/mobile/Monaco/Features/Debug/WelcomeSampleHarness.swift	20
no_comments	apps/mobile/Monaco/Features/Deposit/DepositAddress.swift	5
no_comments	apps/mobile/Monaco/Features/Deposit/DepositFailureToastTracker.swift	26
no_comments	apps/mobile/Monaco/Features/Deposit/DepositView.swift	39
no_comments	apps/mobile/Monaco/Features/Deposit/FundCabalView.swift	48
no_comments	apps/mobile/Monaco/Features/Deposit/PlatformBalanceCard.swift	16
no_comments	apps/mobile/Monaco/Features/Deposit/PlatformBalanceLoader.swift	41
no_comments	apps/mobile/Monaco/Features/Groups/ActivityDetailDestination.swift	1
no_comments	apps/mobile/Monaco/Features/Groups/AgentDetailView.swift	15
no_comments	apps/mobile/Monaco/Features/Groups/AgentSectionView.swift	17
no_comments	apps/mobile/Monaco/Features/Groups/CabalPictureEditor.swift	26
no_comments	apps/mobile/Monaco/Features/Groups/CabalPicturePicker.swift	19
no_comments	apps/mobile/Monaco/Features/Groups/CabalsActionSource.swift	9
no_comments	apps/mobile/Monaco/Features/Groups/CabalsLeaderboardSection.swift	5
no_comments	apps/mobile/Monaco/Features/Groups/CabalsPnLChartSection.swift	13
no_comments	apps/mobile/Monaco/Features/Groups/CabalsRoute.swift	26
no_comments	apps/mobile/Monaco/Features/Groups/CabalsSearchResultsSection.swift	1
no_comments	apps/mobile/Monaco/Features/Groups/CabalsStripSection.swift	15
no_comments	apps/mobile/Monaco/Features/Groups/CabalsTabModel.swift	75
no_comments	apps/mobile/Monaco/Features/Groups/CabalsTabView.swift	26
no_comments	apps/mobile/Monaco/Features/Groups/CreateGroupView.swift	32
no_comments	apps/mobile/Monaco/Features/Groups/GroupActivityListView.swift	1
no_comments	apps/mobile/Monaco/Features/Groups/GroupActivitySection.swift	8
no_comments	apps/mobile/Monaco/Features/Groups/GroupChatView.swift	143
no_comments	apps/mobile/Monaco/Features/Groups/GroupDetailView.swift	118
no_comments	apps/mobile/Monaco/Features/Groups/GroupDetailsSheet.swift	15
no_comments	apps/mobile/Monaco/Features/Groups/GroupHeroSection.swift	26
no_comments	apps/mobile/Monaco/Features/Groups/GroupPnLHistoryModel.swift	12
no_comments	apps/mobile/Monaco/Features/Groups/JoinGroupView.swift	38
no_comments	apps/mobile/Monaco/Features/Groups/MemberBoardSection.swift	2
no_comments	apps/mobile/Monaco/Features/Groups/PotMixBar.swift	10
no_comments	apps/mobile/Monaco/Features/Groups/PotSectionView.swift	42
no_comments	apps/mobile/Monaco/Features/Groups/ProposalHistorySection.swift	10
no_comments	apps/mobile/Monaco/Features/Groups/TransactionDetailView.swift	37
no_comments	apps/mobile/Monaco/Features/Home/HomeBalanceRowSection.swift	20
no_comments	apps/mobile/Monaco/Features/Home/HomeLeaderboardModel.swift	37
no_comments	apps/mobile/Monaco/Features/Home/HomeLeaderboardSection.swift	17
no_comments	apps/mobile/Monaco/Features/Home/HomeMissedVotesSection.swift	38
no_comments	apps/mobile/Monaco/Features/Home/HomeNetWorthSection.swift	31
no_comments	apps/mobile/Monaco/Features/Home/HomePnLChartSection.swift	16
no_comments	apps/mobile/Monaco/Features/Home/HomePositionsSection.swift	7
no_comments	apps/mobile/Monaco/Features/Home/HomeView.swift	43
no_comments	apps/mobile/Monaco/Features/Home/UserProfileGroupsView.swift	12
no_comments	apps/mobile/Monaco/Features/Profile/DisplayNameField.swift	16
no_comments	apps/mobile/Monaco/Features/Profile/FacePickerSheet.swift	9
no_comments	apps/mobile/Monaco/Features/Profile/ProfileCabalsSection.swift	4
no_comments	apps/mobile/Monaco/Features/Profile/ProfileNameEditor.swift	18
no_comments	apps/mobile/Monaco/Features/Profile/ProfilePhotoPicker.swift	10
no_comments	apps/mobile/Monaco/Features/Profile/ProfilePhotoUploadPreparer.swift	32
no_comments	apps/mobile/Monaco/Features/Profile/ProfileTabView.swift	25
no_comments	apps/mobile/Monaco/Features/Proposals/AgentKeyRevealView.swift	14
no_comments	apps/mobile/Monaco/Features/Proposals/CommentThreadView.swift	39
no_comments	apps/mobile/Monaco/Features/Proposals/ProposalCardView.swift	71
no_comments	apps/mobile/Monaco/Features/Proposals/ProposalDetailView.swift	77
no_comments	apps/mobile/Monaco/Features/Proposals/ProposalFeedService.swift	7
no_comments	apps/mobile/Monaco/Features/Proposals/ProposalFeedView.swift	36
no_comments	apps/mobile/Monaco/Features/Proposals/ProposalStatusChip.swift	2
no_comments	apps/mobile/Monaco/Features/Proposals/ProposalVoteLedger.swift	21
no_comments	apps/mobile/Monaco/Features/Proposals/ProposeAddAgentView.swift	10
no_comments	apps/mobile/Monaco/Features/Proposals/ProposeAmountView.swift	30
no_comments	apps/mobile/Monaco/Features/Proposals/ProposeBuyView.swift	43
no_comments	apps/mobile/Monaco/Features/Proposals/ProposeChooserView.swift	51
no_comments	apps/mobile/Monaco/Features/Proposals/ProposeReviewView.swift	23
no_comments	apps/mobile/Monaco/Features/Proposals/ProposeSellView.swift	27
no_comments	apps/mobile/Monaco/Features/Proposals/ProposeService.swift	40
no_comments	apps/mobile/Monaco/Features/Proposals/SecretPasteboard.swift	7
no_comments	apps/mobile/Monaco/Features/Redeem/CashOutAmountRule.swift	36
no_comments	apps/mobile/Monaco/Features/Redeem/SellCabalView.swift	16
no_comments	apps/mobile/Monaco/Features/Settings/AdvancedSettingsView.swift	1
no_comments	apps/mobile/Monaco/Features/Settings/WithdrawView.swift	25
no_comments	apps/mobile/Monaco/Features/Shell/AppSessionStore+Profile.swift	7
no_comments	apps/mobile/Monaco/Features/Shell/AppSessionStore.swift	9
no_comments	apps/mobile/Monaco/Features/Shell/MainTabView.swift	4
no_comments	apps/mobile/Monaco/Features/Shell/SessionErrorMapping.swift	15
no_comments	apps/mobile/Monaco/MonacoApp.swift	5
no_comments	apps/mobile/Monaco/Support/APILogTelemetry.swift	3
no_comments	apps/mobile/Monaco/Support/AppLogger.swift	4
no_comments	apps/mobile/Monaco/Support/DiagnosticsSubscriber.swift	4
no_comments	apps/mobile/Monaco/Support/LiveRefresh.swift	39
no_comments	apps/mobile/Monaco/Support/MonacoFrameStats.swift	37
no_comments	apps/mobile/MonacoTests/AdminRedesignTests.swift	12
no_comments	apps/mobile/MonacoTests/AppSessionStoreTests.swift	30
no_comments	apps/mobile/MonacoTests/AssetChartInteractionTests.swift	32
no_comments	apps/mobile/MonacoTests/AssetDetailModelTests.swift	79
no_comments	apps/mobile/MonacoTests/AssetSocialModelTests.swift	28
no_comments	apps/mobile/MonacoTests/CabalHoldingsModelTests.swift	12
no_comments	apps/mobile/MonacoTests/CabalPictureEditorTests.swift	16
no_comments	apps/mobile/MonacoTests/CabalScreenRedesignTests.swift	10
no_comments	apps/mobile/MonacoTests/CabalsRouteTests.swift	2
no_comments	apps/mobile/MonacoTests/CabalsTabModelTests.swift	57
no_comments	apps/mobile/MonacoTests/CashOutAmountRuleTests.swift	16
no_comments	apps/mobile/MonacoTests/DepositAddressTests.swift	2
no_comments	apps/mobile/MonacoTests/DepositFailureToastTrackerTests.swift	17
no_comments	apps/mobile/MonacoTests/DesignContrastTests.swift	110
no_comments	apps/mobile/MonacoTests/DesignLayoutTests.swift	20
no_comments	apps/mobile/MonacoTests/DesignPrimitivesTests.swift	10
no_comments	apps/mobile/MonacoTests/DesignToastTests.swift	34
no_comments	apps/mobile/MonacoTests/DiscussRedesignTests.swift	17
no_comments	apps/mobile/MonacoTests/E164PhoneNumberTests.swift	12
no_comments	apps/mobile/MonacoTests/HomeBalanceDisplayTests.swift	1
no_comments	apps/mobile/MonacoTests/HomeLeaderboardModelTests.swift	33
no_comments	apps/mobile/MonacoTests/HomeStateTests.swift	21
no_comments	apps/mobile/MonacoTests/JoinCabalCopyTests.swift	5
no_comments	apps/mobile/MonacoTests/LoginErrorClassificationTests.swift	2
no_comments	apps/mobile/MonacoTests/MonacoRemoteImageStoreTests.swift	1
no_comments	apps/mobile/MonacoTests/MonacoTests.swift	9
no_comments	apps/mobile/MonacoTests/MoneyFlowErrorInputTests.swift	13
no_comments	apps/mobile/MonacoTests/MoneyFlowRedesignTests.swift	17
no_comments	apps/mobile/MonacoTests/PendingRevokeTests.swift	19
no_comments	apps/mobile/MonacoTests/PixelAnimalTests.swift	6
no_comments	apps/mobile/MonacoTests/PlatformBalanceLoaderTests.swift	23
no_comments	apps/mobile/MonacoTests/ProfilePhotoUploadPreparerTests.swift	24
no_comments	apps/mobile/MonacoTests/ProposalFeedPollingTests.swift	8
no_comments	apps/mobile/MonacoTests/ProposalVoteLedgerTests.swift	8
no_comments	apps/mobile/MonacoTests/ProposeErrorCopyTests.swift	15
no_comments	apps/mobile/MonacoTests/ProposeRedesignTests.swift	9
no_comments	apps/mobile/MonacoTests/SecretPasteboardTests.swift	4
no_comments	apps/mobile/MonacoTests/SessionErrorMappingTests.swift	1
no_comments	apps/mobile/MonacoTests/SessionTokenLedgerTests.swift	11
no_comments	apps/mobile/MonacoTests/StockRedesignTests.swift	16
no_comments	apps/mobile/MonacoTests/StocksTabModelTests.swift	30
no_comments	apps/mobile/MonacoTests/WelcomeRedesignTests.swift	11
no_comments	apps/mobile/MonacoUITests/AssetDetailCardsUITests.swift	73
no_comments	apps/mobile/MonacoUITests/AssetDetailSampleUITests.swift	80
no_comments	apps/mobile/MonacoUITests/CabalsTabSampleUITests.swift	59
no_comments	apps/mobile/MonacoUITests/ChatClosedSampleUITests.swift	27
no_comments	apps/mobile/MonacoUITests/ChatScrollSampleUITests.swift	52
no_comments	apps/mobile/MonacoUITests/GroupLeaveProgressSampleUITests.swift	30
no_comments	apps/mobile/MonacoUITests/GroupNavSampleUITests.swift	21
no_comments	apps/mobile/MonacoUITests/MonacoUITests.swift	24
no_comments	apps/mobile/MonacoUITests/MonacoUITestsLaunchTests.swift	10
no_comments	apps/mobile/MonacoUITests/ProfileNameSaveSampleUITests.swift	29
no_comments	apps/mobile/MonacoUITests/ProposalFeedSampleUITests.swift	32
no_comments	apps/mobile/MonacoUITests/StocksTabSampleUITests.swift	64
no_comments	packages/mobile-core/Package.swift	3
no_comments	packages/mobile-core/Sources/MonacoAPI/APIClient.swift	10
no_comments	packages/mobile-core/Sources/MonacoAPI/APIError.swift	8
no_comments	packages/mobile-core/Sources/MonacoAPI/IdempotentSubmission.swift	26
no_comments	packages/mobile-core/Sources/MonacoAPI/MonacoClient.swift	7
no_comments	packages/mobile-core/Sources/MonacoAPI/ProblemError.swift	5
no_comments	packages/mobile-core/Sources/MonacoAPI/Stream/Hint.swift	8
no_comments	packages/mobile-core/Sources/MonacoAPI/Stream/HintFilter.swift	3
no_comments	packages/mobile-core/Sources/MonacoAPI/Stream/HintSource.swift	1
no_comments	packages/mobile-core/Sources/MonacoAPI/Stream/HintStream.swift	7
no_comments	packages/mobile-core/Sources/MonacoAPI/ToastCopy.swift	1
no_comments	packages/mobile-core/Sources/MonacoCore/AssetActivityCopy.swift	19
no_comments	packages/mobile-core/Sources/MonacoCore/AssetChartSeries.swift	95
no_comments	packages/mobile-core/Sources/MonacoCore/AssetPositionSummary.swift	55
no_comments	packages/mobile-core/Sources/MonacoCore/AssetSocialDTO.swift	34
no_comments	packages/mobile-core/Sources/MonacoCore/AssetSocialLoadState.swift	25
no_comments	packages/mobile-core/Sources/MonacoCore/AssetSocialSampleData.swift	26
no_comments	packages/mobile-core/Sources/MonacoCore/AssetTradeBarState.swift	29
no_comments	packages/mobile-core/Sources/MonacoCore/BuyQuoteDTO.swift	2
no_comments	packages/mobile-core/Sources/MonacoCore/CabalPositionRowFigures.swift	13
no_comments	packages/mobile-core/Sources/MonacoCore/CatalogDTO.swift	1
no_comments	packages/mobile-core/Sources/MonacoCore/DepositPollStateMachine.swift	6
no_comments	packages/mobile-core/Sources/MonacoCore/DiagnosticPayloadStore.swift	10
no_comments	packages/mobile-core/Sources/MonacoCore/DisplayFormatters.swift	32
no_comments	packages/mobile-core/Sources/MonacoCore/GroupChatDTO.swift	126
no_comments	packages/mobile-core/Sources/MonacoCore/GroupDetailRefreshPolicy.swift	37
no_comments	packages/mobile-core/Sources/MonacoCore/GroupViewDTO.swift	24
no_comments	packages/mobile-core/Sources/MonacoCore/GroupsTabDTO.swift	40
no_comments	packages/mobile-core/Sources/MonacoCore/HeldAssetsDTO.swift	24
no_comments	packages/mobile-core/Sources/MonacoCore/HomeDashboardDTO.swift	2
no_comments	packages/mobile-core/Sources/MonacoCore/HomeViewDTO.swift	2
no_comments	packages/mobile-core/Sources/MonacoCore/ImageUploadMultipart.swift	7
no_comments	packages/mobile-core/Sources/MonacoCore/LiveRefreshScheduling.swift	75
no_comments	packages/mobile-core/Sources/MonacoCore/LoginFailure.swift	8
no_comments	packages/mobile-core/Sources/MonacoCore/MarketAssetDTO.swift	109
no_comments	packages/mobile-core/Sources/MonacoCore/MarketSampleData.swift	67
no_comments	packages/mobile-core/Sources/MonacoCore/MarketSessionCopy.swift	23
no_comments	packages/mobile-core/Sources/MonacoCore/MarketStatusDTO.swift	23
no_comments	packages/mobile-core/Sources/MonacoCore/MeDTO.swift	7
no_comments	packages/mobile-core/Sources/MonacoCore/MonacoAPIClient.swift	40
no_comments	packages/mobile-core/Sources/MonacoCore/MonacoAPIConfiguration.swift	9
no_comments	packages/mobile-core/Sources/MonacoCore/MonacoConfig.swift	3
no_comments	packages/mobile-core/Sources/MonacoCore/MonacoSessionValidation.swift	2
no_comments	packages/mobile-core/Sources/MonacoCore/MoneyFlowFailureCopy.swift	83
no_comments	packages/mobile-core/Sources/MonacoCore/Networking/APITelemetry.swift	29
no_comments	packages/mobile-core/Sources/MonacoCore/Networking/IdempotentSubmission+Transport.swift	14
no_comments	packages/mobile-core/Sources/MonacoCore/Networking/MonacoHTTPTransport.swift	33
no_comments	packages/mobile-core/Sources/MonacoCore/Networking/MonacoRequestTimeout.swift	55
no_comments	packages/mobile-core/Sources/MonacoCore/Networking/SingleFlight.swift	2
no_comments	packages/mobile-core/Sources/MonacoCore/PreIpoCopy.swift	6
no_comments	packages/mobile-core/Sources/MonacoCore/PrivyAuthConfig.swift	3
no_comments	packages/mobile-core/Sources/MonacoCore/ProfilePhotoMultipart.swift	1
no_comments	packages/mobile-core/Sources/MonacoCore/ProfileRules.swift	9
no_comments	packages/mobile-core/Sources/MonacoCore/ProposalCommentDTO.swift	7
no_comments	packages/mobile-core/Sources/MonacoCore/ProposalDTO.swift	7
no_comments	packages/mobile-core/Sources/MonacoCore/ProposalFeedCopy.swift	30
no_comments	packages/mobile-core/Sources/MonacoCore/ProposalFeedFormatters.swift	22
no_comments	packages/mobile-core/Sources/MonacoCore/RedeemJobDTO.swift	1
no_comments	packages/mobile-core/Sources/MonacoCore/ScreenSnapshotRenderer.swift	2
no_comments	packages/mobile-core/Sources/MonacoCore/SharedFormatters.swift	22
no_comments	packages/mobile-core/Sources/MonacoCore/SolanaAddress.swift	18
no_comments	packages/mobile-core/Sources/MonacoCore/SparklineSeries.swift	104
no_comments	packages/mobile-core/Sources/MonacoTestSupport/StubTokenProvider.swift	2
no_comments	packages/mobile-core/Sources/MonacoTestSupport/StubTransport.swift	5
no_comments	packages/mobile-core/Tests/MonacoAPITests/FakeStreamTransport.swift	3
no_comments	packages/mobile-core/Tests/MonacoAPITests/TimeoutMiddlewareTests.swift	2
no_comments	packages/mobile-core/Tests/MonacoAPITests/Watched.swift	2
no_comments	packages/mobile-core/Tests/MonacoCoreTests/APITelemetryTests.swift	5
no_comments	packages/mobile-core/Tests/MonacoCoreTests/AssetChartSeriesTests.swift	39
no_comments	packages/mobile-core/Tests/MonacoCoreTests/AssetDetailCardsTests.swift	45
no_comments	packages/mobile-core/Tests/MonacoCoreTests/AssetSocialDTOTests.swift	12
no_comments	packages/mobile-core/Tests/MonacoCoreTests/CabalPictureTests.swift	9
no_comments	packages/mobile-core/Tests/MonacoCoreTests/CabalPositionRowFiguresTests.swift	1
no_comments	packages/mobile-core/Tests/MonacoCoreTests/DepositPollTests.swift	3
no_comments	packages/mobile-core/Tests/MonacoCoreTests/DevBuyAPITests.swift	3
no_comments	packages/mobile-core/Tests/MonacoCoreTests/DiagnosticPayloadStoreTests.swift	1
no_comments	packages/mobile-core/Tests/MonacoCoreTests/DisplayFormatterTests.swift	20
no_comments	packages/mobile-core/Tests/MonacoCoreTests/FormatterHotPathTests.swift	5
no_comments	packages/mobile-core/Tests/MonacoCoreTests/GroupChatTests.swift	103
no_comments	packages/mobile-core/Tests/MonacoCoreTests/GroupDetailRefreshPolicyTests.swift	6
no_comments	packages/mobile-core/Tests/MonacoCoreTests/GroupViewDTOTests.swift	9
no_comments	packages/mobile-core/Tests/MonacoCoreTests/GroupsTabAPITests.swift	25
no_comments	packages/mobile-core/Tests/MonacoCoreTests/GroupsTabDTOTests.swift	44
no_comments	packages/mobile-core/Tests/MonacoCoreTests/HeldAssetsDTOTests.swift	1
no_comments	packages/mobile-core/Tests/MonacoCoreTests/HomeDashboardDTOTests.swift	11
no_comments	packages/mobile-core/Tests/MonacoCoreTests/HomeViewDTOTests.swift	3
no_comments	packages/mobile-core/Tests/MonacoCoreTests/IdempotentSubmissionTransportTests.swift	25
no_comments	packages/mobile-core/Tests/MonacoCoreTests/LiveRefreshSchedulingTests.swift	24
no_comments	packages/mobile-core/Tests/MonacoCoreTests/MainFlowCopyAuditTests.swift	3
no_comments	packages/mobile-core/Tests/MonacoCoreTests/MarketAssetAPITests.swift	5
no_comments	packages/mobile-core/Tests/MonacoCoreTests/MarketDataDTOTests.swift	35
no_comments	packages/mobile-core/Tests/MonacoCoreTests/MarketRowBasisTests.swift	18
no_comments	packages/mobile-core/Tests/MonacoCoreTests/MarketSessionCopyTests.swift	11
no_comments	packages/mobile-core/Tests/MonacoCoreTests/MarketStatusDTOTests.swift	3
no_comments	packages/mobile-core/Tests/MonacoCoreTests/MonacoAPIClientTests.swift	14
no_comments	packages/mobile-core/Tests/MonacoCoreTests/MonacoAPIConfigurationTests.swift	2
no_comments	packages/mobile-core/Tests/MonacoCoreTests/MonacoCoreTests.swift	3
no_comments	packages/mobile-core/Tests/MonacoCoreTests/MonacoHTTPTransportTests.swift	20
no_comments	packages/mobile-core/Tests/MonacoCoreTests/MoneyFlowCopyTests.swift	28
no_comments	packages/mobile-core/Tests/MonacoCoreTests/PreIpoCopyTests.swift	2
no_comments	packages/mobile-core/Tests/MonacoCoreTests/PrivyAuthConfigTests.swift	18
no_comments	packages/mobile-core/Tests/MonacoCoreTests/ProfileTests.swift	5
no_comments	packages/mobile-core/Tests/MonacoCoreTests/ProposalCommentTests.swift	24
no_comments	packages/mobile-core/Tests/MonacoCoreTests/ProposalCommentsAPITests.swift	18
no_comments	packages/mobile-core/Tests/MonacoCoreTests/ProposalDTOTests.swift	19
no_comments	packages/mobile-core/Tests/MonacoCoreTests/ProposalFeedFormatterTests.swift	54
no_comments	packages/mobile-core/Tests/MonacoCoreTests/ProposalsAPITests.swift	12
no_comments	packages/mobile-core/Tests/MonacoCoreTests/RedeemTests.swift	9
no_comments	packages/mobile-core/Tests/MonacoCoreTests/ScreenSnapshotTests.swift	6
no_comments	packages/mobile-core/Tests/MonacoCoreTests/SettingsAdvancedTests.swift	3
no_comments	packages/mobile-core/Tests/MonacoCoreTests/SolanaAddressTests.swift	2
no_comments	packages/mobile-core/Tests/MonacoCoreTests/SparklineSeriesTests.swift	5
no_comments	packages/mobile-core/Tests/MonacoCoreTests/TokenQuantityFormatterTests.swift	1
type_body_length	apps/mobile/Monaco/API/MonacoAPIClient.swift	1
type_body_length	apps/mobile/Monaco/Features/Assets/AssetsTabView.swift	1
type_body_length	apps/mobile/Monaco/Features/Assets/GroupPickerForProposalView.swift	1
type_body_length	apps/mobile/Monaco/Features/Assets/StocksTabModel.swift	1
type_body_length	apps/mobile/Monaco/Features/Auth/OTPLoginForm.swift	1
type_body_length	apps/mobile/Monaco/Features/Auth/PrivyAuthService.swift	1
type_body_length	apps/mobile/Monaco/Features/Groups/GroupChatView.swift	1
type_body_length	apps/mobile/Monaco/Features/Groups/GroupDetailView.swift	1
type_body_length	apps/mobile/Monaco/Features/Proposals/ProposalCardView.swift	1
type_body_length	apps/mobile/Monaco/Features/Proposals/ProposalDetailView.swift	1
type_body_length	apps/mobile/MonacoTests/AssetDetailModelTests.swift	1
type_body_length	apps/mobile/MonacoTests/StocksTabModelTests.swift	1
type_body_length	apps/mobile/MonacoUITests/CabalsTabSampleUITests.swift	1
type_body_length	apps/mobile/MonacoUITests/MonacoUITests.swift	1
type_body_length	packages/mobile-core/Sources/MonacoCore/MarketSampleData.swift	1
type_body_length	packages/mobile-core/Sources/MonacoCore/MonacoAPIClient.swift	1
type_body_length	packages/mobile-core/Tests/MonacoCoreTests/APITelemetryTests.swift	1
type_body_length	packages/mobile-core/Tests/MonacoCoreTests/IdempotentSubmissionTransportTests.swift	1
type_body_length	packages/mobile-core/Tests/MonacoCoreTests/LiveRefreshSchedulingTests.swift	1
type_body_length	packages/mobile-core/Tests/MonacoCoreTests/MarketDataDTOTests.swift	1
type_body_length	packages/mobile-core/Tests/MonacoCoreTests/MonacoAPIClientTests.swift	1
type_body_length	packages/mobile-core/Tests/MonacoCoreTests/MonacoHTTPTransportTests.swift	1
