ts	phase	decision	why	evidence	result
2026-09-27T23:14:42Z	frame	gt trunk --add backend-rewrite-3 succeeded; owners gt track --parent backend-rewrite-3	prompt says try gt trunk first	.git/.graphite_repo_config trunks	done
2026-09-27T23:14:42Z	frame	caffeinate -dimsu -t 172800 as background task bnbpsscia instead of -w $$	$$ of a one-shot bash exits at once, so -w would end caffeinate immediately	pgrep caffeinate	done
2026-09-27T23:14:42Z	frame	briefs copied, heavy.sh copied to m7-rest with its own queue dir, CI rule replaces no-CI-dispatch, gh pr create fallback allowed	prompt Agents/Briefs	OWNER_BRIEF.md VERIFIER_BRIEF.md	done
2026-09-27T23:15:02Z	dispatch	#790 owner opus, worktree .worktrees/790 at 6a13e756; told not to just reset db, use dev DB at 0001 or throwaway container	just reset db wipes dev data; prompt forbids touching monaco-postgres settings and dev data loss is irreversible	agents.tsv	open
2026-09-27T23:30:08Z	verify	#790 full verifier on sonnet though diff touches db and bus	452 lines so full; orders say opus for db/bus but verifier must differ from opus owner, and the differ rule is the hard one	agents.tsv	open
2026-09-27T23:37:23Z	verify	#790 verifier PASS at dd31db7b; CI 36358881300 red: Swift exhaustive switch on new error code, bus/registry.go:220 timing-dependent coverage; fix round 1 to owner	merge needs green ci-ok on the exact head	gh run view 36358881300	open
2026-09-27T23:47:26Z	verify	#790 round-2 delta dd31db7b..108d309e test-only (40 lines): root-check plant dropped consumeError call in registry.go, new test failed "no bus.consume_error line"; verifier PASS stands for unchanged product diff; CI dispatched on 108d309e	prompt right-size rule	plant run output	PASS
2026-09-27T23:55:05Z	merge	#790 PR 791 fast-forwarded backend-rewrite-3 6a13e756..108d309e	PASS + green ci-ok on exact head	gh pr view 791 MERGED	done
2026-09-27T23:56:20Z	dispatch	#789 PRs 1-4 owners in parallel from 108d309e; PR1 merges first, rest via merge queue after	prompt allows 4 parallel owners on non-overlapping files; PR5/6/7/8 wait for file overlaps (nogo/testkit with 4, ci-jobs with 3, registrations with 4)	agents.tsv	open
2026-09-27T23:56:20Z	scope	conventional commits: hook in PR2, CI check in PR3, /commit skill in owner brief; PR titles unchanged	operator message; PR-title no-prefix rule in AGENTS.md is separate and stays until operator says	ORDERS.md	open
2026-09-28T00:13:44Z	frame	no merge queue on personal repo (owner: rulesets API 422); landing = strict up-to-date + squash + gh pr merge --auto --squash; a branch update changes the head SHA so verify must be re-posted, root re-posts when patch-id unchanged until PR7 automates it	owner probe; verifier re-checks the 422	trails/789-1.tsv	open
2026-09-28T00:20:55Z	merge	#789 PR1 (#794) fast-forwarded 108d309e..e55ca161; ruleset 24089171 applied via feature-branch.sh apply; verifier low finding (no Needs section) dismissed: that section belongs on the last PR of the ticket (PR8)	PASS + green ci-ok on exact head	gh api rulesets	done
2026-09-28T00:21:23Z	dispatch	#789 PR7 owner started early (from e55ca161) in slot freed by PR1; PR5/6/8 still wait on file overlap	PR7 is the largest item and gates PR8; its overlap with PR4 is a rebase, owner owns it	agents.tsv	open
2026-09-28T00:21:23Z	scope	PR3 owner adds PR format as required check to feature-branch ruleset	owner found PR-body lint cannot block without it; lesson-as-structure	SendMessage	open
2026-09-28T00:27:32Z	note	scripts/ Go tests (hook tests) do not run in CI, only in just test backend; route to PR6 (manifest test lives in scripts/) so CI runs scripts module tests	PR2 owner report	trails/789-2.tsv	open
2026-09-28T00:35:04Z	correct	ROOT ERROR: started #789 PRs 2-4 before PR1 landed and PR7 before PR2/PR4 landed; operator intended land-then-write so nothing is rebased. PR7 put on hold (design to trail). New rule: dispatch a PR only from a tip that already contains every PR it shares files with or follows in Stack order	I read "Merge it before the others" + "may build in parallel" as allowing parallel builds before PR1 merged; the operator meant PR1 lands before later PRs are written. Cost: PR2 12 min rebase and re-proof, PR3 and PR4 rebases, PR7 would have rebased onto PR4	operator message 20:3x	open
2026-09-28T00:35:57Z	park	PR7 parked; had already pushed #802 (52dda747) and #803 (d0bd84b6) before hold; uncommitted verdict WIP in .worktrees/789-7. Both conflict with PR4 on tools() and .golangci.yml. Decide at PR4 land: fresh owner on new tip reusing them	operator land-then-write rule	trails/789-7.tsv	open
2026-09-28T00:38:09Z	structure	added bin/once.sh, dispatch.sh, carry.sh (smoke-tested: cache hit, fail not cached, carry and reverify, refuse on open dep); brief rules; PR6 scope for repo enforcement	operator: stop burning time rerunning the same thing	bin/	done
2026-09-28T00:41:17Z	bug	bus.test hung 10 min at 0% CPU in PR2 verifier suite (TestRelay_publishesInIDOrder..., TestRegistry_gauges...); root SIGQUIT; bug-fix owner dispatched from tip with #801 folded; PR2 verifier told to finish without full rerun (PR2 has no backend Go)	verifier kept idling on its monitor; ps showed bus.test at 0% CPU for 9.5 min	logs/bus-hang-pre.json	open
2026-09-28T00:43:25Z	merge	#796 merged (squash f7c99549) after sonnet PASS + verify posted by App; #799 gt-synced onto tip, tree equal to verified 07c84e2c so verdict carried, verify posted on 8baeb947, auto-merge armed	PASS + ci-ok	post-verify.sh output	done
2026-09-28T00:43:25Z	note	root gt sync also restacked PR4 owner local branches (not pushed); owner told. PR3 CI-only unit test failure (sha ancestry test) sent back. Both owners were polling CI via gh run watch/sleep loops, told to stop and update onto tip	operator saw 2 agents polling 46 min	ps	open
2026-09-28T01:01:53Z	verify	#789 PR3 full verifier sonnet at 98b780b9; #799 merged (tip 1eba0fd7)	>50 lines, never verified	agents.tsv	open
2026-09-28T01:05:43Z	verify	#789 PR4 (5 stacked PRs 797,798,804,800,805) full verifier sonnet at 8c596364; opus preferred for db/testkit but owner is opus and verifier must differ	same rule as #790	agents.tsv	open
2026-09-28T01:06:04Z	hold	operator: stop before next wave; land PR3, PR4 stack, bus-hang fix, then report remaining	operator message	ORDERS.md	open
2026-09-28T01:08:27Z	merge	#792 (PR3) merged 4338fce4 after sonnet PASS 0 findings; ruleset 24089171 re-applied, now requires ci-ok, PR format, verify	PASS+ci-ok	gh api rulesets	done
2026-09-28T01:14:31Z	topology	PR4 stack gt-synced onto 4338fce4 and pushed (797 0cfd5e79 .. 805 06b58616); carry.sh CARRY patch-id unchanged vs verified 8c596364; CI dispatched on top head while verifier finishes	operator: hurry; pipeline CI with verification	carry.sh output	done
2026-09-28T01:17:17Z	ruleset	strict up-to-date off on 24089171; CI dispatched on every PR4 child head in parallel; merge bottom-up without updates once verifier PASS	operator: a pure rebase should not rerun CI or verification	gh api rulesets/24089171	done
2026-09-28T01:19:05Z	merge	PR4 verifier PASS 0 findings (5 plants, migration rename proven on throwaway pg); verify posted on all 5 new heads (carry); land-chain.sh landing 797,798,804,800,805 bottom-up as each ci-ok (dispatch runs) goes green	PASS + carry	bg task bsbp1iwuw	open
2026-09-28T01:28:07Z	merge	#808 (CI on every PR, filter base FEATURE_BRANCH var, ruleset not strict) root-written, 12 lines, root-check plant caught, verify posted, auto-merge armed	operator: add it and merge in 10 min	gh pr 808	open
2026-09-28T01:33:52Z	merge	#808 merged 70df8454. #807 (bus hang #806 + #801) root-check plant caught (blocking send hung), verify posted, auto armed. #809 (jobs run only on own inputs; actionlint for workflow-only) root-written 14 lines, plant caught, verify posted, auto armed. PR4 stack gt-synced after 797 squash made 798 DIRTY; per-PR patch-ids all equal, verify re-posted	operator: minimize CI; merge fast	gh	open
2026-09-28T01:33:52Z	note	7 kept t_testregistry_gauges* DBs in monaco-postgres-test from several runs incl one root plant; not dropped since origin per DB unknown	shared DB etiquette	psql	open
2026-09-28T01:36:20Z	merge	#798, #807, #809 merged. #810 (main merges by hand: workflow disables auto-merge on PRs into main + guard blocks gh pr merge into main) root-written, plant caught, verify, auto armed. land-chain.sh now auto restack-carries DIRTY children (patch-id per PR); running for 804,800,805	operator: auto-merge only off main	bg bmix447xm	open
2026-09-28T01:46:59Z	fix	#800 CI red: #807 hand-added a paralleltest exclusion to .golangci.yml, which #800 makes generated; root moved it into .golangci.base.yml, amended #800 (b26acfc3), restacked #805 (dfa1cdac, patch unchanged), ready.sh green both; verify re-posted; land-chain restarted	semantic collision between two independently verified PRs, caught by the generator freshness test	CI run 36366957185	open
2026-09-28T01:48:03Z	close	#802 and #803 closed at operator request; branches kept for reference	operator	gh	done
2026-09-28T01:53:32Z	handoff	paused before next wave; all local shells, loop and agents stopped; merged worktrees removed; HANDOFF.md written and posted on #492	operator	https://github.com/lognorman20/monaco/issues/492#issuecomment-5861913221	done
