id	flow	module	trigger	command	events	consumers	outcomes	status	doc
00	Ping	system	POST /v1/system/pings	RecordPing	system.pinged	system.echo	ok;InvalidInput;Unauthorized;crash:after-publish	verified	docs/architecture/backend-platform.md#flows
01	Sign in	identity	POST /v1/auth/session	OpenSession	user.created;user.auth_state_changed	referrals.mint_code	ok;Unauthorized;LoginMethodNotAllowed;AccountDeleted;PrivyUnavailable;crash:before-commit	built	docs/architecture/auth.md#login
01a	Set handle	identity	PUT /v1/me/handle	SetHandle	user.profile_updated		ok;HandleInvalid;HandleReserved;HandleTaken;HandleTooSoon	built	docs/architecture/auth.md#handle
02	Create cabal	cabal	POST /v1/cabals	CreateCabal	cabal.created	cabal.hints	ok;InvalidInput;Unauthorized;PrivyUnavailable;crash:before-commit	built	docs/architecture/cabals.md#treasury-wallet
10	Vote / tally	governance	POST /v1/proposals/{id}/votes	CastVote	proposal.passed;proposal.failed;proposal.expired		ok;Unauthorized;ProposalNotFound;NotAVoter;ProposalClosed;crash:after-publish	built	docs/architecture/proposals.md#vote-path
11	Execute trade	trading	consumer:proposal.passed		trade.blocked;trade.submitted;trade.confirmed;trade.failed		ok;AssetUntradable;SlippageExceeded;NoRoute;JupiterUnavailable;SwapFailed;crash:after-create;crash:after-sign;crash:after-execute;crash:before-commit;crash:after-publish	planned	docs/architecture/trade-execution.md#stage-2-trade-engine
18	Prices	market	poller:market.prices	SamplePrices	price.tick;asset.price_moved		ok;JupiterUnavailable;UpstreamTimeout;crash:before-commit	built	docs/architecture/price-history.md#writer-1-live-sampler
20	Follow / unfollow	social	POST /v1/users/{id}/follow	Follow	follow.created;follow.removed		ok;CannotFollowSelf;UserNotFound;UserBanned;Unauthorized;crash:before-commit	built	docs/architecture/followers.md#writes
23	Profile edit	identity	PATCH /v1/me	UpdateProfile	user.profile_updated		ok;DisplayNameInvalid	built	docs/architecture/backend-platform.md#flows
23a	Profile photo	identity	POST /v1/me/profile-photo	UploadProfilePhoto	user.profile_updated		ok;PhotoInvalid;StorageUnavailable;RateLimited	built	docs/architecture/backend-platform.md#flows
